variant_id	type	chr	start	end
sv1	duplication	6	49906814	50659190
sv2	duplication	12	41508694	41640840
sv3	deletion	6	82876884	83573788
sv4	deletion	1	26053581	26774196
sv5	duplication	6	4239400	4921486
sv6	duplication	8	12369500	12627944
sv7	deletion	15	60074997	60583225
sv8	duplication	12	39623655	40023941
sv9	deletion	18	15526405	15954182
sv10	deletion	21	36087708	36707993
sv11	deletion	18	8653577	8673072
sv12	deletion	9	5989326	6354305
sv13	duplication	6	53524766	54265872
sv14	duplication	13	93506771	93663837
sv15	duplication	17	2708873	2857526
sv16	duplication	12	40242163	40559179
sv17	duplication	3	7249111	7798550
sv18	deletion	9	55276878	55347548
sv19	deletion	5	2279732	2810095
sv20	duplication	6	65610373	66069993
sv21	deletion	1	34738909	35650182
sv22	duplication	15	12177689	12549323
sv23	deletion	19	27050186	27684322
sv24	deletion	17	19044446	19082231
sv25	deletion	20	29684623	30273580
sv26	deletion	21	66540364	67221159
sv27	deletion	14	31285509	31293485
sv28	duplication	18	90739226	90936437
sv29	duplication	21	59555970	59997822
sv30	duplication	15	49453873	49969305
sv31	duplication	17	24901969	25463551
sv32	deletion	6	85725687	86562371
sv33	deletion	5	76489030	76848674
sv34	deletion	14	47305212	47336116
sv35	deletion	18	98906108	99768249
sv36	duplication	16	22748285	23010085
sv37	duplication	7	88415398	88681644
sv38	deletion	16	22523553	22926051
sv39	deletion	21	34031007	34782570
sv40	duplication	16	25131871	25683276
sv41	deletion	22	44488100	45056713
sv42	deletion	21	41117781	42092960
sv43	deletion	7	48920549	48984539
sv44	duplication	18	2867694	3583927
sv45	deletion	18	61887615	62862382
sv46	duplication	16	28067291	28990629
sv47	deletion	4	49518516	49718789
sv48	duplication	14	36063683	36683265
sv49	duplication	20	69549861	69657345
sv50	deletion	6	16137516	16145381
sv51	duplication	7	89144742	89796620
sv52	duplication	13	55167518	55175119
sv53	deletion	10	98985247	99382536
sv54	duplication	9	53929673	54800674
sv55	deletion	22	15914126	16304004
sv56	deletion	4	51033342	51855844
sv57	deletion	10	92651622	93381565
sv58	duplication	14	63245439	63475243
sv59	duplication	14	97944020	98892023
sv60	deletion	7	10188460	10738889
sv61	deletion	7	47070387	47977739
sv62	deletion	20	31638820	32309207
sv63	deletion	22	75017853	75173418
sv64	duplication	3	83902748	84235140
sv65	deletion	19	61656636	61849594
sv66	deletion	17	98389056	98772515
sv67	deletion	13	67451112	68234614
sv68	deletion	7	83086965	83996522
sv69	duplication	18	49861902	50364772
sv70	deletion	19	68003980	68705864
sv71	duplication	16	46075089	47029179
sv72	deletion	9	93861408	94360042
sv73	duplication	1	58007982	58277917
sv74	duplication	13	56095197	56927724
sv75	deletion	18	66553133	67060359
sv76	duplication	4	55958066	56867426
sv77	duplication	15	40851839	41834111
sv78	duplication	1	6010598	6396728
sv79	deletion	12	24223544	24632279
sv80	deletion	4	38012359	38367363
sv81	duplication	22	7187092	8016058
sv82	deletion	17	41031104	41596266
sv83	duplication	4	65576439	66424239
sv84	deletion	3	77034016	77310402
sv85	duplication	19	34107590	34712058
sv86	deletion	21	16718236	17527420
sv87	duplication	1	89498476	89666881
sv88	deletion	14	35925672	36049841
sv89	deletion	12	28678985	29438210
sv90	deletion	14	24190245	25185633
sv91	duplication	3	93975477	93977276
sv92	duplication	15	53900346	54664368
sv93	duplication	17	42582121	43406779
sv94	deletion	4	5209023	5923883
sv95	deletion	2	8483749	8773677
sv96	duplication	7	79296694	79685035
sv97	duplication	16	42098740	42937933
sv98	deletion	12	57470539	57987886
sv99	deletion	4	35627393	35982942
sv100	duplication	5	99117075	99352671
sv101	deletion	20	37339600	37649756
sv102	deletion	1	20065339	20958720
sv103	duplication	12	90327037	90933992
sv104	duplication	10	86021456	86088903
sv105	duplication	7	47519255	47834453
sv106	duplication	7	5387325	5553462
sv107	deletion	21	17274899	17346153
sv108	duplication	11	18979509	19372176
sv109	duplication	21	94596762	95296960
sv110	duplication	11	77860279	78516450
sv111	deletion	14	96623203	96757321
sv112	deletion	8	91583460	91842571
sv113	duplication	8	12202321	12647373
sv114	deletion	15	93266330	93415295
sv115	duplication	22	93495595	93823658
sv116	deletion	3	9476981	10034947
sv117	duplication	17	8142545	8671597
sv118	deletion	6	327787	1230543
sv119	deletion	17	34349544	34879974
sv120	deletion	2	71083633	71594220
sv121	duplication	3	55246836	55709472
sv122	deletion	2	7216232	7379784
sv123	duplication	12	25072400	25311568
sv124	duplication	11	24733204	25717672
sv125	deletion	6	49200342	49621642
sv126	duplication	5	62002276	62549310
sv127	deletion	5	82173229	82570611
sv128	duplication	9	55015936	55038365
sv129	duplication	20	76135386	76752235
sv130	deletion	19	30898815	31695962
sv131	duplication	4	31772275	32007905
sv132	deletion	20	78415975	78467855
sv133	duplication	14	3023290	3966913
sv134	duplication	11	42583951	42792507
sv135	deletion	10	14781109	15671725
sv136	duplication	17	63249238	63422119
sv137	duplication	8	29985969	29988311
sv138	deletion	20	98411219	98553638
sv139	duplication	1	56497502	57141475
sv140	duplication	11	82444905	83356884
sv141	duplication	19	28609035	29406360
sv142	deletion	18	66078267	66385745
sv143	duplication	5	38874414	39573700
sv144	deletion	5	28217331	28971728
sv145	deletion	2	54716111	55244562
sv146	duplication	19	74848052	75135180
sv147	deletion	14	51182115	51531516
sv148	deletion	18	92532920	93090965
sv149	deletion	22	88789292	89764722
sv150	deletion	8	53527401	54106739
sv151	duplication	10	3490313	4391921
sv152	duplication	22	86902367	87376346
sv153	deletion	11	38273471	38431794
sv154	duplication	8	53968452	54046286
sv155	duplication	10	3351733	3990441
sv156	duplication	18	50763467	51668510
sv157	duplication	13	76647860	77415996
sv158	deletion	20	5540960	6313863
sv159	duplication	16	72748995	72982300
sv160	duplication	16	65506973	66399562
sv161	deletion	10	10837028	11503880
sv162	duplication	8	57990094	58271979
sv163	duplication	8	58023333	58337074
sv164	deletion	22	78713973	79712974
sv165	deletion	21	40770113	40910884
sv166	deletion	22	19838796	20205461
sv167	deletion	12	96722637	96905666
sv168	deletion	2	89370192	89627402
sv169	deletion	10	42507452	42568632
sv170	deletion	20	75725418	76290993
sv171	deletion	2	49549635	50082160
sv172	deletion	22	43374907	44191930
sv173	deletion	4	16564592	16655692
sv174	deletion	18	17045730	17675574
sv175	deletion	15	32287133	33216993
sv176	deletion	17	10915487	11294916
sv177	duplication	5	19329165	19407828
sv178	duplication	4	44974217	45324184
sv179	deletion	17	20136373	20794106
sv180	deletion	19	65402276	65788394
sv181	duplication	16	80088918	80905887
sv182	deletion	4	30791842	31094185
sv183	deletion	19	73636591	74394886
sv184	duplication	5	81295094	82118606
sv185	deletion	3	88043869	88894369
sv186	duplication	3	64370604	64604386
sv187	deletion	2	49578198	49880890
sv188	deletion	14	59024322	59183197
sv189	deletion	13	66138053	66426704
sv190	deletion	17	32677294	33019610
sv191	deletion	6	18753407	18804344
sv192	deletion	17	64722965	65278487
sv193	duplication	21	21905118	22702494
sv194	deletion	10	24184400	25014973
sv195	deletion	8	4174606	4208373
sv196	duplication	2	54672768	55549722
sv197	duplication	7	22049206	22897710
sv198	deletion	3	70455315	70892887
sv199	deletion	19	89676378	90086057
sv200	deletion	13	31102895	32059784
sv201	deletion	16	73873348	74148406
sv202	deletion	16	12585394	12787178
sv203	deletion	8	81058268	81943020
sv204	duplication	22	70113010	70760682
sv205	deletion	13	33421029	34144455
sv206	deletion	11	6885970	7224226
sv207	deletion	10	70262499	71192874
sv208	duplication	5	42159220	42774249
sv209	duplication	3	47832235	48493041
sv210	deletion	15	18544077	18935204
sv211	deletion	21	2033888	2877566
sv212	duplication	22	92621095	92743275
sv213	deletion	5	64922922	65796352
sv214	deletion	13	64131009	64438197
sv215	deletion	5	49999532	50939988
sv216	deletion	7	15889356	16629140
sv217	duplication	3	94962164	94971748
sv218	deletion	19	41874373	42769798
sv219	duplication	10	25220015	25565527
sv220	deletion	18	42985488	43320458
sv221	deletion	10	18234205	18568436
sv222	deletion	9	15848141	15884317
sv223	deletion	9	58152803	58901770
sv224	duplication	21	59568279	60389500
sv225	duplication	14	8205474	9175464
sv226	duplication	8	19918550	20182464
sv227	duplication	9	89422393	89841607
sv228	deletion	2	58726630	59399859
sv229	deletion	17	8307270	8767834
sv230	deletion	15	17128396	17561345
sv231	duplication	11	4899800	5791181
sv232	deletion	14	27764075	27819672
sv233	deletion	16	73513333	74290307
sv234	deletion	5	57567371	57943839
sv235	deletion	2	5905204	6637098
sv236	deletion	7	72808354	73709569
sv237	duplication	11	21385499	21853249
sv238	duplication	1	10666225	11238580
sv239	duplication	1	933644	1824007
sv240	duplication	17	91465092	91808193
sv241	duplication	20	62475078	63169078
sv242	duplication	9	22501211	23408808
sv243	duplication	3	17107480	17535976
sv244	deletion	15	4092374	4811605
sv245	deletion	13	84483445	85465989
sv246	deletion	6	89387802	89958354
sv247	duplication	16	84444497	84884492
sv248	duplication	3	10680231	11535197
sv249	deletion	15	41856897	42073276
sv250	deletion	2	40399298	40932926
sv251	deletion	21	64995397	65487868
sv252	deletion	17	71303032	72103208
sv253	deletion	18	92071960	92660715
sv254	duplication	17	38127772	38191571
sv255	duplication	14	64244844	64509772
sv256	deletion	8	92172478	93061896
sv257	deletion	7	50853123	51030567
sv258	deletion	13	5129826	5130455
sv259	deletion	16	36260602	36705067
sv260	deletion	18	43319720	43994945
sv261	deletion	9	98566254	99146916
sv262	duplication	16	11311793	11620307
sv263	duplication	12	21403536	21896167
sv264	deletion	1	77573928	77735647
sv265	duplication	7	12078104	12515347
sv266	deletion	7	16288978	16733451
sv267	duplication	9	38111955	38784288
sv268	duplication	18	51057605	51558212
sv269	duplication	15	63214738	63449354
sv270	duplication	22	5269744	5394388
sv271	deletion	16	39889158	40538289
sv272	duplication	9	74845460	75079806
sv273	duplication	8	60359704	60514850
sv274	deletion	1	85395536	85568457
sv275	deletion	13	33032055	33376901
sv276	deletion	15	38600479	39331834
sv277	deletion	3	51484003	52269458
sv278	deletion	22	13459593	14335473
sv279	deletion	5	51564092	52449985
sv280	duplication	3	99976783	100211267
sv281	duplication	13	1475326	2018659
sv282	deletion	1	90165385	90350730
sv283	deletion	8	64990995	65183161
sv284	deletion	3	12299748	13153950
sv285	duplication	17	96763955	97052652
sv286	deletion	8	5787697	6038594
sv287	duplication	16	83940494	84374883
sv288	deletion	21	84845470	84922435
sv289	deletion	13	32287359	32663054
sv290	duplication	4	73740655	74238615
sv291	deletion	22	34197486	35124364
sv292	duplication	19	74773064	75014642
sv293	duplication	18	36627258	37068114
sv294	deletion	1	56717813	56907629
sv295	duplication	11	91360157	92241390
sv296	deletion	16	97357542	97924231
sv297	deletion	8	37018746	37804297
sv298	deletion	16	98727199	99667881
sv299	deletion	12	87704400	87883605
sv300	duplication	5	28161996	28518757
sv301	deletion	18	12608686	13144001
sv302	deletion	10	44146006	44900707
sv303	duplication	4	62962414	63753774
sv304	deletion	22	54214326	54282648
sv305	deletion	15	18239273	18255250
sv306	duplication	13	76624267	76846418
sv307	duplication	15	26811534	26889241
sv308	duplication	1	10393654	11253655
sv309	duplication	8	24355303	25260693
sv310	deletion	22	35802564	36081865
sv311	duplication	12	44700562	45040036
sv312	duplication	11	37731138	38175674
sv313	deletion	16	95355366	96107379
sv314	deletion	5	83016779	83702203
sv315	duplication	4	60927512	61826736
sv316	deletion	5	42228321	43079222
sv317	duplication	6	82677739	83441239
sv318	deletion	16	37813137	38068744
sv319	deletion	22	35331301	35371386
sv320	deletion	22	91795823	91933982
sv321	deletion	20	69341238	69425427
sv322	deletion	3	59721003	60518584
sv323	deletion	6	9544376	9634811
sv324	duplication	8	49676586	49799543
sv325	deletion	5	73683276	74580749
sv326	deletion	9	15005510	15861005
sv327	duplication	14	76258348	77173879
sv328	deletion	13	30280543	30414644
sv329	duplication	16	99465972	99918400
sv330	deletion	2	53574753	54518317
sv331	duplication	10	62723814	62985110
sv332	deletion	16	98974997	99902419
sv333	duplication	14	40456444	40617321
sv334	duplication	18	59339913	59749355
sv335	duplication	3	4409173	5367242
sv336	duplication	13	77559160	77979284
sv337	deletion	6	88111613	88385725
sv338	duplication	17	55088421	55899424
sv339	deletion	18	84416345	84658944
sv340	deletion	15	58591116	59033964
sv341	duplication	13	82431079	82613592
sv342	deletion	16	40403864	41003006
sv343	deletion	16	40407063	41125873
sv344	deletion	14	11392883	12274637
sv345	duplication	16	78528385	79399184
sv346	deletion	12	27087972	27486045
sv347	deletion	18	53605931	54068007
sv348	deletion	14	39915250	40340620
sv349	deletion	16	51131889	51305809
sv350	duplication	16	51072514	51886268
sv351	deletion	6	55877909	56513030
sv352	duplication	18	641577	1509903
sv353	duplication	17	23183599	23579853
sv354	deletion	16	41993942	42769655
sv355	deletion	7	38653145	38861199
sv356	duplication	21	57656435	57847892
sv357	deletion	12	11571213	12082624
sv358	duplication	2	17363043	18317763
sv359	deletion	7	7570602	8338264
sv360	deletion	10	51096175	51406718
sv361	duplication	19	62659894	63533528
sv362	deletion	14	56210631	56593579
sv363	duplication	18	14180311	14360242
sv364	duplication	13	78700328	79327512
sv365	deletion	15	42865955	43642834
sv366	deletion	13	71516142	72492154
sv367	duplication	3	94285191	94940895
sv368	duplication	6	72225075	72569439
sv369	deletion	21	4117308	4496943
sv370	duplication	2	32511599	33151629
sv371	deletion	15	13180400	13710066
sv372	deletion	4	3704209	3765053
sv373	duplication	18	49292626	49729837
sv374	duplication	20	98695608	99549373
sv375	duplication	13	15823001	16460342
sv376	deletion	14	289347	1207094
sv377	duplication	11	93532477	93899627
sv378	duplication	12	42284938	43197709
sv379	duplication	17	47734187	48620975
sv380	deletion	7	40237864	40249434
sv381	deletion	2	64581512	64902933
sv382	duplication	13	63580655	63983692
sv383	deletion	5	41331419	41904434
sv384	duplication	13	92371310	92895658
sv385	duplication	20	12983006	13303634
sv386	deletion	21	4358727	4688155
sv387	duplication	11	26311603	27294014
sv388	deletion	12	16109060	16449411
sv389	deletion	8	78479004	78912699
sv390	deletion	14	97692799	98547741
sv391	deletion	9	18147817	18828041
sv392	duplication	17	36799386	37281831
sv393	duplication	5	83414973	83530439
sv394	deletion	8	47785571	48514433
sv395	duplication	8	59486663	60292648
sv396	duplication	5	38265899	38712313
sv397	duplication	3	83449783	84069733
sv398	duplication	19	25467880	25897504
sv399	duplication	8	8048813	8234471
sv400	deletion	22	98375999	98890400
sv401	duplication	12	94850717	95200138
sv402	duplication	17	35861322	36406275
sv403	deletion	19	40199329	40423628
sv404	deletion	8	59818746	59926903
sv405	duplication	16	36791635	36863766
sv406	duplication	12	68195154	68699952
sv407	duplication	21	4119929	4165591
sv408	deletion	16	21273072	22249684
sv409	duplication	21	4649230	5347420
sv410	duplication	3	53903742	54045338
sv411	deletion	1	82016056	82994115
sv412	deletion	13	38821800	39465842
sv413	duplication	15	20156542	20598643
sv414	deletion	9	31383841	32141788
sv415	deletion	17	84538943	85440470
sv416	deletion	12	99310056	99727226
sv417	duplication	6	68999025	69927551
sv418	deletion	5	41518613	41834465
sv419	duplication	9	6453310	7140513
sv420	deletion	6	90499426	90567116
sv421	duplication	3	13467200	14442415
sv422	deletion	13	29107396	29532905
sv423	deletion	1	94819829	95475727
sv424	deletion	3	8000425	8086092
sv425	deletion	10	33237961	33701544
sv426	deletion	22	81821548	82005710
sv427	deletion	5	9821101	10234353
sv428	duplication	18	82914970	83220578
sv429	deletion	12	88812003	89444044
sv430	duplication	19	80039380	80795696
sv431	deletion	14	27358613	28315191
sv432	deletion	13	10939360	11769801
sv433	deletion	16	72278759	72938912
sv434	duplication	7	98397109	99088211
sv435	deletion	9	28836534	29300644
sv436	deletion	17	45021124	45481371
sv437	deletion	21	93506199	94027890
sv438	deletion	15	33847156	34237924
sv439	duplication	5	36232442	36460377
sv440	deletion	6	34471153	34760234
sv441	deletion	9	61293344	61584720
sv442	deletion	21	60860831	61556350
sv443	deletion	18	73071502	73477364
sv444	duplication	20	56455662	57399780
sv445	deletion	11	25621875	25837083
sv446	deletion	15	96994338	97707636
sv447	duplication	7	34296041	34369956
sv448	duplication	5	56193974	57033879
sv449	duplication	9	70424150	71323107
sv450	deletion	2	92204763	92632044
sv451	duplication	2	99472055	100209772
sv452	duplication	6	32311521	33244036
sv453	duplication	6	53814410	54402563
sv454	deletion	12	76007883	76320960
sv455	duplication	16	52652574	53077267
sv456	deletion	9	55671019	55779232
sv457	deletion	13	90433220	90878771
sv458	duplication	4	66509104	67028011
sv459	duplication	15	55941198	55946584
sv460	deletion	15	26404931	26728142
sv461	duplication	12	96872359	97230597
sv462	duplication	9	34833182	34887751
sv463	duplication	13	20908260	20964455
sv464	duplication	5	98358762	98743750
sv465	deletion	15	66229306	67130928
sv466	deletion	22	73040685	73370996
sv467	deletion	11	99564900	100388514
sv468	deletion	8	21535325	21755250
sv469	deletion	20	82276858	83269046
sv470	deletion	18	94621051	95502991
sv471	deletion	12	50685939	51270882
sv472	deletion	11	84876430	85528847
sv473	deletion	3	73102106	74085210
sv474	duplication	2	98337171	99285584
sv475	deletion	20	27730660	27895392
sv476	deletion	2	82446889	82568813
sv477	duplication	11	29472263	30323053
sv478	deletion	12	69423502	69728950
sv479	duplication	10	12140975	12444889
sv480	deletion	8	58210320	58757810
sv481	deletion	6	81487196	81564993
sv482	deletion	6	38727106	38868856
sv483	deletion	9	7338491	7853766
sv484	duplication	22	36621100	37289757
sv485	duplication	1	8632750	9092070
sv486	duplication	1	14166737	14485348
sv487	deletion	5	16671980	16948344
sv488	duplication	4	15319037	16106760
sv489	duplication	21	74529826	74673420
sv490	duplication	3	51453703	51668300
sv491	duplication	3	2918423	3071840
sv492	deletion	22	30675641	31204261
sv493	deletion	9	56854753	57228565
sv494	deletion	4	10306173	10796964
sv495	duplication	2	56599819	57244726
sv496	deletion	22	9372310	9376964
sv497	duplication	22	2652023	3240539
sv498	duplication	8	36024817	36080294
sv499	deletion	17	85283842	85781375
sv500	duplication	4	25987464	26475476
sv501	deletion	15	57645931	57830580
sv502	duplication	16	77181078	77872834
sv503	deletion	9	20598302	21061185
sv504	duplication	21	30821864	31082789
sv505	duplication	11	80769201	81249685
sv506	duplication	10	6274924	6448913
sv507	duplication	17	12728432	13517890
sv508	duplication	15	45299971	45856524
sv509	deletion	16	86047018	86922976
sv510	duplication	2	98178226	98396067
sv511	deletion	4	69080454	69354549
sv512	duplication	22	11425400	12004387
sv513	duplication	3	36230043	36400405
sv514	duplication	10	5332282	5964422
sv515	duplication	9	1410287	2348006
sv516	deletion	1	87405336	87645887
sv517	duplication	8	20906523	21826248
sv518	duplication	14	97515965	97746842
sv519	deletion	4	8943344	9496840
sv520	duplication	22	35270778	36081102
sv521	duplication	19	73139784	74113189
sv522	deletion	14	39668667	40064565
sv523	deletion	21	9057859	9681959
sv524	duplication	3	12586119	13195065
sv525	deletion	7	73978201	74070526
sv526	duplication	13	73656135	73798816
sv527	deletion	14	32874892	33341039
sv528	duplication	14	5793530	6111973
sv529	duplication	4	19834928	19941774
sv530	deletion	15	83254772	83871085
sv531	deletion	18	26195418	26987563
sv532	duplication	6	37357930	37583190
sv533	duplication	11	20660750	21019404
sv534	deletion	9	60847173	61010730
sv535	deletion	3	70941673	71486170
sv536	deletion	16	45868355	46037858
sv537	deletion	17	97268250	97981068
sv538	duplication	12	28849512	29498698
sv539	deletion	15	36507217	36898526
sv540	deletion	10	57596293	58452442
sv541	deletion	9	68690780	69373540
sv542	duplication	5	58440194	59366926
sv543	duplication	4	45886873	46309948
sv544	deletion	5	70593348	70943120
sv545	duplication	18	66604616	66660126
sv546	deletion	2	23008389	23512669
sv547	duplication	9	45067083	45853673
sv548	duplication	8	59154833	59745093
sv549	duplication	4	12479881	13119827
sv550	duplication	12	66929049	67682118
sv551	deletion	13	63616130	64316384
sv552	duplication	18	90667938	91325166
sv553	deletion	14	86863384	87102702
sv554	deletion	1	16760877	17459398
sv555	duplication	13	76132424	76835763
sv556	duplication	2	8580394	9371168
sv557	deletion	20	17170746	17729692
sv558	deletion	1	81229660	82223885
sv559	deletion	13	17454117	17821043
sv560	duplication	4	58129581	58822825
sv561	deletion	1	47957858	48057619
sv562	deletion	16	88673553	88949838
sv563	duplication	1	61724645	62575842
sv564	deletion	13	68878332	69021099
sv565	duplication	22	31528866	31573081
sv566	deletion	7	69345099	70219522
sv567	duplication	11	49559725	49713825
sv568	deletion	19	78086067	78395916
sv569	duplication	11	43942876	44552841
sv570	deletion	18	52556370	52760765
sv571	duplication	11	82196732	83125029
sv572	deletion	15	81354470	81928907
sv573	duplication	8	33124172	33306227
sv574	duplication	22	13862103	14141882
sv575	deletion	17	32248468	32916030
sv576	duplication	20	92009822	92232886
sv577	duplication	7	26019781	26185005
sv578	duplication	2	10874458	11199256
sv579	duplication	12	18210992	18965797
sv580	duplication	4	32137298	33000608
sv581	deletion	18	56690816	56727165
sv582	deletion	19	5796559	6066026
sv583	deletion	2	15979828	16250038
sv584	duplication	1	85851633	86349509
sv585	duplication	8	95426014	96140160
sv586	duplication	1	81950664	82590606
sv587	deletion	2	23115264	23827491
sv588	deletion	17	62793100	63145374
sv589	duplication	10	9116993	10031007
sv590	duplication	18	53217681	54212170
sv591	deletion	15	99373670	99751900
sv592	deletion	1	37034104	37784902
sv593	duplication	15	66014490	66939417
sv594	deletion	6	32607930	33211955
sv595	deletion	5	33236446	33586924
sv596	duplication	18	64545425	64808825
sv597	duplication	4	10467727	11440688
sv598	deletion	13	54737139	55597594
sv599	duplication	17	57832284	58330554
sv600	duplication	19	73689890	74233410
sv601	duplication	15	68171184	68173118
sv602	deletion	2	69607689	70180009
sv603	deletion	10	49548461	49971658
sv604	deletion	4	94695032	94886884
sv605	duplication	15	65483402	66470213
sv606	deletion	7	26828882	27286066
sv607	duplication	15	1042463	1396495
sv608	duplication	22	49523122	50411472
sv609	deletion	4	67327672	67675858
sv610	duplication	3	84587128	84824706
sv611	deletion	11	74357377	74896965
sv612	deletion	10	89814387	90543698
sv613	deletion	14	95150956	95502191
sv614	duplication	14	9483554	10337310
sv615	duplication	15	21952986	22611556
sv616	duplication	11	7057197	7755698
sv617	duplication	14	94364679	95269805
sv618	deletion	14	7254865	8190262
sv619	deletion	7	93712917	94459623
sv620	duplication	16	64603551	64674263
sv621	deletion	1	37570769	38272429
sv622	deletion	19	11569051	11791409
sv623	duplication	11	46346483	46365590
sv624	deletion	15	15584987	15970746
sv625	duplication	8	39635469	40490603
sv626	duplication	18	42242138	42390583
sv627	deletion	16	99385004	100376411
sv628	deletion	18	52778686	53403646
sv629	deletion	16	48863082	48954674
sv630	deletion	5	93848929	94829487
sv631	duplication	7	22622211	22971055
sv632	deletion	18	11659235	11727659
sv633	deletion	9	52557075	53512932
sv634	deletion	21	61509307	61581649
sv635	deletion	21	31767207	32469520
sv636	deletion	2	63834160	64525635
sv637	duplication	21	50957329	51705810
sv638	duplication	21	55260691	55455960
sv639	deletion	5	14657002	14876253
sv640	duplication	10	87074978	87523705
sv641	duplication	16	77366174	78346594
sv642	deletion	4	68966074	69844125
sv643	deletion	1	33018506	33432201
sv644	duplication	19	61281926	61299046
sv645	deletion	17	92791695	93130095
sv646	duplication	4	37360553	37820811
sv647	deletion	4	94673758	95041787
sv648	deletion	17	65693141	66595769
sv649	duplication	7	15066336	15373382
sv650	deletion	8	86189447	86236418
sv651	duplication	19	58816557	59300269
sv652	duplication	9	45281689	46094528
sv653	deletion	18	26682171	27441196
sv654	duplication	17	4383097	4680001
sv655	deletion	11	75370736	75950893
sv656	duplication	14	14085782	14319083
sv657	duplication	12	32568715	33188381
sv658	deletion	6	46222163	46936016
sv659	duplication	10	11744953	12363696
sv660	deletion	10	41468095	42300952
sv661	deletion	2	80021625	80898948
sv662	duplication	7	21306143	21561815
sv663	duplication	2	59761065	60491356
sv664	duplication	14	92790426	93042498
sv665	deletion	17	48364834	48366796
sv666	duplication	3	4450041	4933315
sv667	duplication	9	49177960	49474014
sv668	deletion	1	32401881	32415878
sv669	deletion	12	87762077	87954267
sv670	duplication	8	51391111	51736576
sv671	duplication	12	50368284	51157894
sv672	duplication	19	96936686	96987652
sv673	deletion	10	90509667	91078272
sv674	duplication	5	81686831	82182621
sv675	duplication	16	62904289	63004456
sv676	duplication	16	45500191	45977749
sv677	deletion	13	33501710	34339716
sv678	deletion	17	67739999	68465834
sv679	duplication	20	25945325	26269904
sv680	duplication	20	76744891	77142273
sv681	duplication	8	53078422	53778999
sv682	duplication	14	63741633	64118465
sv683	duplication	18	18190558	18865389
sv684	duplication	17	32628449	33578781
sv685	duplication	12	36065133	36492016
sv686	deletion	22	4925841	5289506
sv687	duplication	17	92629918	92989106
sv688	deletion	7	3080058	3394908
sv689	duplication	7	65056393	65527355
sv690	duplication	22	5008634	5647778
sv691	deletion	7	87156204	87859731
sv692	duplication	9	81855956	82494484
sv693	deletion	7	74081397	74463417
sv694	deletion	6	81207512	81620380
sv695	deletion	15	95031058	95040775
sv696	duplication	5	27144302	28006788
sv697	duplication	21	53681911	54278363
sv698	deletion	14	34252337	34622402
sv699	deletion	11	98834558	99633026
sv700	deletion	5	85841033	85981889
sv701	duplication	2	93864473	94789653
sv702	duplication	15	36530419	36977889
sv703	deletion	22	117437	907501
sv704	deletion	21	70254027	71127176
sv705	deletion	18	37425898	38094822
sv706	deletion	2	77818443	77865643
sv707	deletion	5	5599795	5850923
sv708	duplication	2	87622275	87884814
sv709	deletion	21	65419270	66009894
sv710	duplication	19	88867254	89659100
sv711	duplication	19	39773083	40441487
sv712	duplication	4	94790008	95762782
sv713	duplication	20	75168117	76065063
sv714	deletion	5	34053037	35035475
sv715	duplication	22	9211844	9263962
sv716	duplication	2	58362042	59285486
sv717	duplication	17	19252363	20011838
sv718	duplication	12	11596599	12078593
sv719	deletion	7	45243651	45421793
sv720	deletion	17	28514797	28673065
sv721	deletion	6	6423464	6649363
sv722	duplication	13	36624144	37548831
sv723	duplication	7	17707203	18239947
sv724	deletion	1	63112436	63454485
sv725	deletion	18	81640191	81867136
sv726	deletion	12	83515198	84471294
sv727	duplication	9	18398642	19222363
sv728	deletion	2	83878626	84386469
sv729	deletion	15	65980999	66156904
sv730	duplication	1	20576157	21276115
sv731	deletion	8	93049915	93365893
sv732	deletion	20	17794822	18370620
sv733	deletion	1	3771631	4318641
sv734	deletion	20	32369985	32674209
sv735	deletion	19	89942960	90244500
sv736	deletion	6	76549545	77208995
sv737	deletion	21	40807095	41607654
sv738	deletion	16	55520898	56439479
sv739	deletion	20	74991620	75074090
sv740	duplication	14	5491998	6184177
sv741	deletion	21	12076483	12634533
sv742	deletion	22	19834409	20115194
sv743	duplication	7	68776179	69730874
sv744	deletion	5	61197424	61243778
sv745	duplication	19	17034451	17236917
sv746	deletion	5	26778055	27663557
sv747	duplication	5	448903	701193
sv748	duplication	3	33308558	33834414
sv749	deletion	20	3986334	4590329
sv750	deletion	7	44228607	44545976
sv751	deletion	8	10769135	11503014
sv752	deletion	9	82871220	83382908
sv753	deletion	9	57394714	58008150
sv754	duplication	10	6272403	7132495
sv755	duplication	7	47906693	48204296
sv756	duplication	11	36632210	37181000
sv757	deletion	13	71501185	72232821
sv758	deletion	12	27974896	28650448
sv759	duplication	4	1311882	1649133
sv760	deletion	14	29120354	29683067
sv761	duplication	11	31742065	31884729
sv762	duplication	11	22923067	22940192
sv763	duplication	15	54541537	54830749
sv764	deletion	4	94852290	95263871
sv765	deletion	14	91177746	91600104
sv766	deletion	8	53590039	53906602
sv767	deletion	11	98443634	98936908
sv768	duplication	6	91662438	91743497
sv769	duplication	15	79463773	80200766
sv770	deletion	18	68306993	68854415
sv771	deletion	18	93725436	94359360
sv772	deletion	7	92674573	93540019
sv773	duplication	10	26814669	27577917
sv774	deletion	21	41591190	42321390
sv775	deletion	6	624715	1020072
sv776	deletion	10	4436249	5253613
sv777	duplication	2	42963232	43635440
sv778	deletion	21	3499293	3648274
sv779	deletion	21	89349485	89902970
sv780	duplication	8	32208244	33191855
sv781	deletion	14	35717133	36118997
sv782	duplication	1	16954955	17126186
sv783	duplication	12	26269416	26921027
sv784	duplication	19	40253751	41025762
sv785	deletion	4	1764814	2576342
sv786	duplication	5	27678581	28240653
sv787	deletion	21	80615675	80733856
sv788	duplication	10	37920188	38543837
sv789	deletion	18	95938501	96483456
sv790	deletion	20	93205218	94080779
sv791	deletion	6	18784626	19614059
sv792	duplication	2	76474428	76782172
sv793	deletion	4	52674343	52914282
sv794	deletion	1	58493105	59335324
sv795	deletion	21	44395960	44514023
sv796	deletion	5	65748660	66454259
sv797	duplication	16	62504685	63346641
sv798	duplication	16	36962622	37069893
sv799	deletion	7	48070280	48742667
sv800	duplication	1	64413120	64934118
sv801	deletion	6	75332688	75362117
sv802	duplication	15	77134737	77226043
sv803	deletion	14	24532475	24776524
sv804	deletion	5	42261343	43010077
sv805	duplication	13	11954573	12290266
sv806	deletion	22	97806944	98481297
sv807	duplication	20	60346867	60391388
sv808	duplication	11	31632368	32479996
sv809	duplication	5	35781868	36241113
sv810	duplication	14	39393161	39511509
sv811	deletion	10	83298083	83352656
sv812	duplication	22	2965148	2986661
sv813	deletion	1	52017850	52862802
sv814	deletion	12	1906738	2015116
sv815	duplication	4	68779563	69038591
sv816	duplication	4	35092468	35183930
sv817	duplication	2	7104111	7921978
sv818	duplication	7	46088405	47054256
sv819	duplication	1	73065704	73964270
sv820	deletion	16	78803324	78861038
sv821	duplication	11	72338094	73076622
sv822	deletion	11	12368937	12631363
sv823	duplication	7	96417704	96803122
sv824	duplication	17	44804746	45342492
sv825	duplication	13	93059827	93320295
sv826	duplication	7	44824829	45668901
sv827	deletion	10	67845822	68143713
sv828	deletion	13	98798650	99676358
sv829	duplication	10	10809664	11689971
sv830	deletion	21	71113861	72010447
sv831	duplication	7	24186129	24367532
sv832	duplication	13	37370357	38220504
sv833	deletion	6	78537061	78700192
sv834	duplication	21	97262122	98221808
sv835	deletion	20	74033627	74284204
sv836	deletion	15	51037993	51274318
sv837	deletion	22	27959352	28345597
sv838	duplication	18	46358949	46968579
sv839	deletion	7	16499025	16586609
sv840	deletion	6	8005721	8131738
sv841	duplication	19	88241260	89041030
sv842	duplication	15	35344000	35579245
sv843	deletion	3	5682698	5839704
sv844	duplication	6	28280348	29161428
sv845	duplication	19	33684723	34581986
sv846	deletion	17	30009096	30586604
sv847	duplication	4	85579181	86339448
sv848	deletion	3	1647036	2408043
sv849	deletion	21	31623965	32173851
sv850	deletion	15	92905729	92989713
sv851	deletion	16	15805658	16581442
sv852	duplication	12	53744421	54144557
sv853	deletion	12	13316013	13351252
sv854	deletion	16	67774059	68110454
sv855	deletion	7	32050830	32984061
sv856	duplication	4	59027797	59500056
sv857	deletion	17	65656169	65742371
sv858	duplication	22	57406469	57420860
sv859	duplication	5	84021221	84519252
sv860	deletion	14	20667566	21372594
sv861	deletion	14	26431346	26449125
sv862	duplication	3	63271233	63618157
sv863	duplication	19	19197076	19869233
sv864	duplication	6	24772266	25311481
sv865	deletion	8	91740849	91766483
sv866	duplication	10	64282741	64839265
sv867	deletion	18	79886772	79887737
sv868	deletion	6	96233567	96961118
sv869	duplication	20	36734924	36771639
sv870	duplication	15	693751	1313322
sv871	deletion	14	67447506	68343325
sv872	duplication	10	18692070	19595073
sv873	deletion	17	92269441	93004738
sv874	deletion	1	91431354	91764794
sv875	duplication	19	80068811	80906782
sv876	duplication	6	38295799	38836758
sv877	duplication	14	30264955	31075140
sv878	duplication	7	69944075	70562068
sv879	deletion	4	98289051	98486087
sv880	duplication	14	36694113	36866226
sv881	deletion	5	22739460	23172626
sv882	deletion	17	72455078	72510991
sv883	duplication	13	6330687	6737425
sv884	duplication	16	59696666	59846911
sv885	duplication	14	89490849	89884300
sv886	duplication	20	45441215	46100445
sv887	deletion	22	45378427	45939893
sv888	duplication	5	20974410	21148807
sv889	duplication	9	52409909	52789868
sv890	duplication	11	51786010	51921781
sv891	duplication	21	85555156	86426886
sv892	deletion	21	467151	1122521
sv893	deletion	2	44506506	44807333
sv894	duplication	2	82090943	82809638
sv895	duplication	15	73321250	74193439
sv896	deletion	15	87687407	88536781
sv897	duplication	22	30805543	31182733
sv898	deletion	20	28731418	28736405
sv899	deletion	2	54889453	55583268
sv900	deletion	21	92218322	92973479
sv901	duplication	1	50145281	50528799
sv902	duplication	8	92860380	93572673
sv903	duplication	19	61768875	62438171
sv904	deletion	15	39576940	40198351
sv905	deletion	12	18854567	19357105
sv906	duplication	13	33641851	33704114
sv907	duplication	2	31947316	32395105
sv908	deletion	13	5249367	5771286
sv909	duplication	1	92298	817256
sv910	duplication	11	13135115	13276645
sv911	deletion	19	15092301	15255011
sv912	duplication	3	45005675	45550862
sv913	duplication	7	74376199	74962699
sv914	duplication	20	69869863	70395522
sv915	deletion	17	13527648	14227178
sv916	deletion	21	71652298	72387472
sv917	duplication	21	76565022	76743765
sv918	duplication	7	69498440	69799772
sv919	deletion	4	52373283	53083485
sv920	duplication	10	92935164	93430708
sv921	deletion	8	65447799	65878905
sv922	deletion	20	76669788	76974815
sv923	duplication	13	71098806	71786436
sv924	deletion	4	21126630	21307466
sv925	duplication	22	79478065	80334087
sv926	duplication	17	42624787	43225375
sv927	deletion	14	73100244	73161946
sv928	duplication	13	22133159	22346517
sv929	deletion	10	66877833	67646123
sv930	duplication	21	18157601	18682156
sv931	duplication	13	39343123	39529809
sv932	deletion	20	30729647	31378936
sv933	deletion	14	64427915	65401813
sv934	duplication	19	12037432	12668633
sv935	duplication	14	26769485	27614244
sv936	deletion	18	25116215	25499683
sv937	duplication	15	95586764	96048711
sv938	deletion	10	4105905	4870471
sv939	deletion	22	98455090	98881363
sv940	duplication	5	43076957	43719123
sv941	duplication	3	4854127	5571575
sv942	duplication	5	39946486	40084108
sv943	duplication	16	93054226	93556472
sv944	duplication	8	43301628	44169692
sv945	duplication	21	41435199	41819901
sv946	duplication	5	12005213	12471996
sv947	duplication	9	94696601	94714138
sv948	deletion	19	8588770	8758813
sv949	duplication	5	52223883	52319680
sv950	duplication	13	82221136	83004051
sv951	duplication	19	61367852	61591422
sv952	duplication	22	3459561	3828663
sv953	duplication	21	34397037	35356206
sv954	duplication	10	18784014	18949440
sv955	deletion	22	56826531	56892008
sv956	deletion	20	48837277	49233842
sv957	duplication	6	94679647	94712857
sv958	deletion	3	18597105	19423051
sv959	duplication	17	2178559	2892673
sv960	duplication	7	11007348	11149384
sv961	deletion	14	91966720	92139549
sv962	deletion	12	21138659	21466886
sv963	deletion	9	43659812	44054412
sv964	deletion	8	31365128	31971986
sv965	duplication	9	10382736	10821093
sv966	deletion	12	43443784	44234357
sv967	deletion	13	48935461	49124976
sv968	deletion	18	99322928	99858323
sv969	duplication	18	82209388	82994240
sv970	deletion	4	56525316	56652218
sv971	duplication	9	99617231	100224115
sv972	deletion	8	86326879	86691565
sv973	duplication	6	22336479	22793529
sv974	duplication	13	58796803	59656036
sv975	duplication	6	67727621	68323577
sv976	duplication	2	42301086	43036769
sv977	duplication	7	36149725	36969742
sv978	duplication	17	67028485	67870874
sv979	deletion	5	58912071	59857309
sv980	duplication	13	95459506	95889201
sv981	duplication	14	91952136	91987766
sv982	duplication	13	11688842	12624364
sv983	deletion	20	22021634	22087943
sv984	deletion	14	63961660	64156026
sv985	duplication	22	45682911	45754774
sv986	deletion	3	51347991	52235021
sv987	deletion	17	23371010	24296917
sv988	duplication	8	52444171	52933506
sv989	deletion	20	29499045	29770613
sv990	deletion	13	90915298	91223108
sv991	deletion	10	94337441	94445812
sv992	duplication	4	38459096	39298691
sv993	deletion	3	4453955	4537677
sv994	duplication	17	27277712	27421177
sv995	duplication	5	7925090	8656550
sv996	duplication	15	57039051	57332185
sv997	duplication	14	36160531	36488170
sv998	duplication	11	45263817	45622255
sv999	duplication	1	84593371	85546658
sv1000	deletion	18	79500130	79919301
